codmateria,tipo
204554,Hard News
204586,Hard News
204603,Hard News
204605,Hard News
204606,Hard News
204608,Hard News
204609,Hard News
204612,Hard News
204613,Hard News
204616,Hard News
204617,Hard News
204618,Evergreen
204620,Hard News
204621,Hard News
204623,Hard News
204624,Hard News
204626,Hard News
204627,Hard News
204628,Hard News
204630,Hard News
204634,Hard News
204635,Hard News
204637,Hard News
204648,Hard News
204649,Hard News
204657,Hard News
204661,Hard News
204663,Hard News
204664,Hard News
204667,Hard News
204668,Hard News
204669,Hard News
204674,Hard News
204676,Hard News
204678,Hard News
204679,Hard News
204682,Hard News
204683,Evergreen
204684,Hard News
204686,Hard News
204687,Hard News
204688,Evergreen
204689,Hard News
204691,Hard News
204692,Hard News
204694,Hard News
204695,Hard News
204700,Hard News
204701,Hard News
204702,Hard News
204711,Hard News
204712,Hard News
204713,Hard News
204720,Hard News
204721,Hard News
204726,Hard News
204727,Hard News
204735,Hard News
204736,Hard News
204747,Hard News
204748,Hard News
204749,Hard News
204752,Hard News
204754,Hard News
204755,Hard News
204757,Hard News
204758,Hard News
204759,Evergreen
204760,Hard News
204762,Hard News
204764,Hard News
204769,Evergreen
204771,Hard News
204773,Hard News
204775,Hard News
204779,Hard News
204782,Hard News
204783,Hard News
204784,Hard News
204794,Hard News
143848,Evergreen
205052,Hard News
205101,Hard News
205103,Hard News
205105,Hard News
205110,Hard News
205160,Hard News
205161,Hard News
205280,Hard News
205358,Evergreen
205375,Evergreen
205410,Hard News
205443,Hard News
205573,Hard News
205695,Evergreen
206049,Hard News
206050,Evergreen
206074,Hard News
206075,Hard News
206076,Hard News
206077,Hard News
206399,Hard News
206611,Hard News
206708,Evergreen
206750,Hard News
206995,Hard News
207127,Hard News
207206,Hard News
207615,Hard News
207761,Hard News
207804,Hard News
207805,Hard News
207811,Hard News
207819,Hard News
207821,Evergreen
208007,Hard News
208079,Hard News
208150,Hard News
208156,Evergreen
208204,Hard News
208205,Hard News
208207,Hard News
208444,Hard News
208538,Hard News
208592,Hard News
208631,Hard News
209513,Evergreen
209800,Evergreen
210202,Hard News
210217,Hard News
210432,Hard News
210847,Evergreen
210877,Hard News
210924,Hard News
211235,Hard News
211298,Hard News
211379,Hard News
211595,Hard News
211618,Hard News
211660,Evergreen
211701,Hard News
211756,Hard News
211767,Hard News
211792,Hard News
211797,Hard News
211799,Hard News
211802,Hard News
211824,Hard News
211827,Hard News
211829,Hard News
211831,Hard News
211837,Hard News
211946,Hard News
212142,Hard News
212146,Hard News
212153,Evergreen
212200,Hard News
212204,Hard News
212224,Hard News
212227,Hard News
212236,Evergreen
212247,Hard News
212254,Evergreen
212365,Hard News
212368,Hard News
214736,Hard News
214741,Evergreen
214746,Hard News
214751,Evergreen
214755,Evergreen
214813,Hard News
215489,Hard News
215492,Hard News
215498,Hard News
215507,Hard News
215523,Evergreen
215525,Hard News
216016,Hard News
216029,Evergreen
216037,Hard News
216075,Hard News
216077,Hard News
216082,Hard News
216107,Evergreen
216111,Hard News
216123,Hard News
